[
    {
      "id": "1",
      "name": "Adjustable Dumbbell Set",
      "category": "equipment",
      "price": 50,
      "stock": 10,
      "description": "A versatile set of adjustable dumbbells for strength training."
    },
    {
      "id": "2",
      "name": "Whey Protein Powder",
      "category": "nutrition",
      "price": 30,
      "stock": 20,
      "description": "High-quality protein powder to support muscle growth."
    },
    {
      "id": "3",
      "name": "Resistance Bands",
      "category": "equipment",
      "price": 15,
      "stock": 15,
      "description": "Durable resistance bands for full-body workouts."
    },
    {
      "id": "4",
      "name": "Multivitamin Tablets",
      "category": "nutrition",
      "price": 20,
      "stock": 25,
      "description": "Essential vitamins and minerals for overall health."
    }
  ]