[
    {
      "id": "admin1",
      "username": "admin",
      "password": "admin123",
      "isAdmin": true,
      "email": "admin@fitgain.com"
    },
    {
      "id": "user1",
      "username": "user1",
      "password": "user123",
      "isAdmin": false,
      "email": "john.doe@example.com"
    },
    {
      "id": "user2",
      "username": "user2",
      "password": "user123",
      "isAdmin": false,
      "email": "jane.smith@example.com"
    },
    {
      "id": "user3",
      "username": "user3",
      "password": "user123",
      "isAdmin": false,
      "email": "mike.jones@example.com"
    }
  ]